OrderID,CustomerID,ProductID,ProductName,CustomerName,Email,PhoneNumber,Quantity,Price,OrderDate,ShippingAddress
907237,5278,2291,case,Jared Willis,amcpherson@example.org,+1-925-909-0932x084,4,263.75,2023-12-10,"9274 White Islands
New Elizabethfurt, KY 02057"
348169,7323,8972,around,John Sloan,williemccann@example.com,001-758-810-0709x58574,4,133.5,2024-01-04,"4168 Joshua Bridge Apt. 414
North Crystal, OH 75780"
172894,1193,5948,the,Kristin Ramos,ashleyhall@example.org,(478)406-7117x131,8,692.84,2024-02-02,"8508 Donald Inlet
East Paulchester, MH 97038"
661569,7074,8505,or,Kathleen Johnson,alisonmitchell@example.net,655.589.5917x54016,4,596.57,2024-04-13,"05687 Perez Plaza
Port Shannon, WI 60907"
301661,9709,1353,three,Anthony Ramirez,ppitts@example.com,(800)355-1162x06927,6,70.15,2023-09-01,"33796 Herring Manor Suite 808
Hayesland, PW 53099"
139794,1387,2304,serious,Jeffery Hunt,nicolenewton@example.net,390.272.5173x4698,3,304.5,2024-01-11,"5504 White Parkway Suite 349
Christopherbury, MD 56587"
702739,2889,9504,the,Anthony Walker,wroach@example.com,(497)803-0627,8,748.09,2024-07-08,"030 Scott Ferry
Jasonchester, MA 48870"
230403,6367,4392,piece,Phyllis Robinson,qbrady@example.net,419.492.5205x5081,9,538.19,2023-10-15,"624 Richard Road
Marissamouth, OR 99106"
666490,1924,8417,right,Jeremy Jones,hallbrian@example.org,7339499352,5,738.14,2024-04-30,"50141 Andre Shoal
East Christopher, FM 52894"
736308,7384,3747,item,Larry Gardner,michael45@example.net,(457)202-4809,6,221.87,2024-02-20,"0661 Rogers Streets Apt. 082
Port William, NV 74925"
625628,4214,8281,fly,Kimberly Gonzalez,fernandezmartha@example.com,518.689.0136x064,5,370.29,2024-05-16,"USCGC Hawkins
FPO AA 32683"
192977,4518,9613,state,Carol Martinez,tiffanysmith@example.org,+1-681-939-2307x39706,5,230.68,2024-04-27,"961 Bates Crossroad Apt. 229
Marybury, NH 13891"
804314,7716,3280,toward,Bruce Perry,johnsonsara@example.net,(795)305-3465,8,712.06,2023-10-29,"PSC 5083, Box 3039
APO AA 58093"
521376,3403,8414,rule,Alex Williams,cassandrasilva@example.org,+1-988-349-9237x035,4,327.27,2023-09-23,"20295 Curtis Forges
Glassport, OH 71375"
693863,6608,7738,language,William Wright,joseph85@example.org,732.440.9333x8933,4,687.59,2023-10-18,"2626 Norton Forge
North Keithview, CA 19930"
502130,9936,8760,nature,Nicholas Johnson,eanderson@example.org,863-377-6884,9,534.94,2024-07-30,"1856 Ibarra Harbor
Walkerchester, LA 60833"
285870,7631,7644,system,Maria Watkins,aaron61@example.net,+1-686-847-0888,10,738.14,2024-05-02,"829 Nicholas Burg
West Troy, GU 98056"
449606,9299,5902,he,Joshua Marshall,manndavid@example.com,894-907-6378,2,617.98,2024-01-29,"19692 Sharon Station Apt. 791
Walkerfort, WI 73503"
659133,1420,4876,rest,Mark Williams DDS,josephjohnson@example.net,001-990-533-6219,4,674.37,2024-03-16,"PSC 8341, Box 7898
APO AE 80230"
936739,6120,9059,movement,Crystal Robinson,edward78@example.org,001-358-410-5465x874,7,711.68,2024-01-02,"746 Parrish Hills
Wallaceshire, MO 25217"
333378,8783,2701,team,Mary Howell,lindsayjones@example.org,001-248-335-4814x119,9,687.37,2024-07-18,"2851 Adams Drive
Vanessaville, DC 73459"
834625,9792,6932,large,James Cabrera,jessicafranklin@example.org,534.888.3004,10,423.59,2024-05-26,"414 Whitney Corner Suite 651
Thomasland, TN 47844"
608749,3969,9853,close,Daniel Bailey,ramirezraymond@example.org,971.628.6152x73196,4,49.85,2024-02-19,"2727 William Burgs
Hernandezville, WA 04649"
894683,3291,2445,human,Carol Brown,crystal92@example.net,001-750-893-1974x2580,6,273.76,2024-01-21,"324 Crystal Springs
East Carolynhaven, GU 80947"
659197,1900,4231,another,Jason Williams,bkramer@example.org,4497646087,7,359.07,2024-02-10,"222 Garrett Roads
Silvashire, CT 66833"
381000,3277,3205,general,Sharon Gardner,christophervillanueva@example.com,001-773-358-5975x7348,9,306.86,2023-09-16,"689 Andrew Dale
Stephanieburgh, KS 06687"
918598,9582,9577,worry,Andrea Walker,thomasramos@example.org,001-592-274-6546x40897,5,23.02,2024-03-05,"706 White Ways
North Rachel, CT 03200"
541492,2690,4468,determine,Christina Flynn,carriewade@example.org,964-704-4306x8233,1,734.58,2024-03-18,"2804 Hernandez Club Apt. 888
Erikaberg, NJ 52598"
399704,7096,4682,animal,Mrs. Brandy Sanchez,howedonald@example.net,600-517-7307,8,922.4,2023-10-01,"842 Michael Lake Suite 992
Hoffmanbury, TN 20398"
879191,5154,6237,program,Heather Copeland,okelly@example.net,(503)453-8657,8,608.28,2023-11-30,"1311 Stephanie Land
Mcdowellbury, MS 22482"
305810,5197,7937,early,Tracy Frank,stephenssamantha@example.org,+1-564-405-0003,7,917.31,2024-04-05,"8578 Ryan Row
Port Christopherstad, LA 67453"
315842,1731,4579,place,Laura Watson,jaclyngutierrez@example.org,(364)853-1906x6190,7,190.99,2024-07-04,"6867 Patricia Cliff
Lisaborough, MO 25499"
379004,7238,3789,morning,Mary Thompson,christopher41@example.net,+1-738-556-9452x9205,5,544.16,2023-08-17,"3970 Lopez Glen
New Taylormouth, MN 45149"
842493,6095,4872,happy,Lorraine Freeman,tpratt@example.org,+1-997-911-0900x47885,10,929.98,2024-03-05,"69458 Zachary Grove
North Jason, ID 27437"
379117,7369,4147,result,Kathleen Grimes,brianstevenson@example.org,(326)845-7538,4,519.79,2024-03-11,"527 Price Curve Suite 454
New Amandaton, VI 42286"
602578,3343,5543,course,Catherine Leon,susanowens@example.org,001-850-785-3608x899,8,662.08,2023-11-18,"PSC 4648, Box 8709
APO AA 19465"
900039,6426,2342,with,Nancy Miller,bob49@example.com,001-778-551-8921x0592,10,879.45,2024-03-26,"196 Kevin Crossroad Apt. 221
East Diana, OH 42290"
747689,3314,1889,building,Michael Smith,gibsonhaley@example.com,752-786-2644x9883,5,909.36,2024-03-21,"52075 Smith Via
North Jennifer, GU 21438"
150604,7311,6556,military,Jerry Washington,susan82@example.net,903.762.2658x546,10,595.07,2023-12-01,"4197 Espinoza Falls
Brandonland, PA 30429"
690466,3863,2449,enough,Jacqueline Mayo,dpadilla@example.org,+1-551-981-1211x251,6,22.27,2024-02-05,"850 Lynch Manor Suite 508
Matthewfurt, AZ 97816"
211712,8271,3288,much,Mark Blackwell,lambertdaniel@example.org,268.564.8414x3052,4,909.39,2024-08-08,"38079 Neal Junctions
Thomasville, MI 42990"
322776,1411,5917,cell,Stephen Reyes,wyoung@example.net,932.217.7936x6241,10,788.24,2024-03-18,"6764 Walker Square
South Christopher, TX 80944"
619428,7534,9022,far,Christian Cox,bmontgomery@example.net,897.513.4821x6654,1,858.38,2023-12-13,"57526 Lynch Motorway
Masonstad, SD 39195"
521224,2582,1923,head,Timothy Schmitt,thomas38@example.com,814-598-0686,4,977.09,2024-06-26,"27866 Debra Shore
Danielshire, TX 06802"
338973,8215,5641,bed,Todd Collins,jenniferfox@example.net,5795009156,4,555.85,2023-09-17,"PSC 1282, Box 0478
APO AP 40841"
350108,1112,7233,might,Mary Wilson,kaylee03@example.org,345-709-7559x1774,10,115.41,2024-04-19,"889 Tammie Estate
East Michellemouth, PW 37308"
411888,2272,3629,worker,Luis Watkins,erinjones@example.org,515.914.3598x5545,6,724.16,2024-03-05,"58522 Ingram Crest Apt. 985
Markmouth, MO 72001"
206269,8421,3562,business,Linda Baker,jsanders@example.com,001-872-296-8474x355,7,354.74,2024-07-22,"77198 Tricia Inlet
West Rachelfort, LA 86775"
928680,3224,7801,manage,Theresa Tran,joseph60@example.org,001-599-967-7217x040,4,703.03,2023-11-19,"PSC 4712, Box 1504
APO AE 83439"
898301,8647,1513,usually,Robert Rogers,jessicarodriguez@example.net,+1-447-754-6466x29273,10,707.42,2024-06-07,"Unit 3688 Box 3057
DPO AP 56862"
489786,8208,2706,tax,Vicki Case,drakesusan@example.com,(834)565-8201,6,656.47,2024-08-04,"2793 Natalie Trafficway Suite 908
North Kevinton, VA 03165"
327263,5606,7132,all,Beth Foster,andreafitzgerald@example.com,877-771-2489,2,497.22,2024-06-13,"1246 Wilson Vista
North Diana, NC 68000"
752004,4761,4928,three,Danielle Carr,ysharp@example.org,001-479-261-4728x241,8,426.51,2023-09-02,"2594 Donald Mall Apt. 383
Brittneyville, ID 03398"
140204,7764,3446,than,Rebecca Cochran,gregorymacias@example.org,(724)819-6445x09580,10,527.62,2023-09-30,"99677 Gary Mall Suite 387
Port Kevinton, VA 24159"
305599,7984,5495,two,Jose Navarro,wilsonjennifer@example.com,393-479-1343,10,780.47,2023-11-18,"233 Mayer Landing Suite 082
Coltonshire, NJ 01209"
943316,5111,7924,charge,Jill Marsh,eday@example.com,001-370-569-3232x60249,2,519.55,2023-10-02,"50291 Le Mall
Ronaldborough, NM 43147"
599229,1129,6354,keep,Terry Stein,acarpenter@example.com,(342)524-3875x80866,9,963.87,2024-04-26,"USCGC Fowler
FPO AP 84409"
477489,3962,9558,already,Holly Miller,tiffanysavage@example.com,883-513-2948,9,154.49,2024-01-07,"4557 Shelton Mountain
South Danielletown, PW 14396"
147687,7503,2521,walk,Daniel Reyes,bradforddonald@example.com,832-471-5018x6612,6,760.57,2024-01-29,"994 Henry Court
Brianfurt, ME 52163"
514312,1906,5316,story,Kayla Lewis,meredith36@example.net,001-850-236-1450x968,8,895.33,2024-08-08,"74820 Melissa River
Hensonton, DE 18064"
600505,7199,4222,attorney,Brent Brooks,ashley76@example.com,220-217-4799,7,336.71,2024-01-10,"1233 Barnes Valley
Marcside, GA 27321"
409164,1205,7849,enough,Destiny Sullivan,jimmyhopkins@example.com,(988)667-5086x364,9,228.44,2024-01-21,"7416 Copeland Ports
New Anthonystad, MS 93573"
917248,3722,9640,task,Jacob Davis,dfrancis@example.org,+1-451-593-5347x2416,4,69.44,2024-02-19,"3481 Mitchell Port
Maysville, AR 13237"
324155,2587,9324,key,Richard Bowen,mcphersonsteven@example.org,595.257.3416,9,147.67,2024-02-10,"3674 Hernandez Junction
South Kirstenfurt, FM 62126"
153056,6218,3124,way,Wendy Gray,roberto00@example.net,(350)259-2707,5,493.95,2024-03-21,"676 Nixon Plains
West Kellyfort, FM 67348"
632146,8500,7583,audience,Mario Barker,kristy41@example.net,(394)924-6471x449,1,328.87,2024-06-22,"50875 Julia Plains
North Aaron, WI 95751"
736984,8529,9258,themselves,Joseph Carr,igreen@example.org,+1-599-419-7226x9643,2,892.97,2024-04-29,"03648 Lyons Hills Apt. 400
South Kaylaton, GU 19391"
370156,3975,4837,look,Krista Williams,johnsondavid@example.org,292.548.8233x5395,4,302.15,2023-09-15,"767 Phillips Oval Apt. 504
Melissaborough, FM 85865"
149260,2100,9333,simply,Jessica White,ktorres@example.net,+1-969-450-4283x7737,6,197.06,2024-07-27,"46891 Johnny Point Apt. 952
West Benjamin, PR 84366"
149342,1141,4732,meet,Katelyn Rodriguez,jillian36@example.net,988-500-9402x942,9,351.45,2023-09-21,"825 Elliott Mission Apt. 104
Alejandraville, AZ 99018"
253623,4667,1663,small,Brandon Miller,jwalls@example.org,+1-231-633-8511x4882,10,220.14,2024-01-13,"25757 Erika Dale
East Edward, NM 64067"
535359,1156,5662,win,Scott Graham,seanrowe@example.com,289-459-9626,9,311.64,2023-11-23,"972 Hart Rapid
East Ricky, MS 32534"
164426,3352,2494,in,Katelyn Estrada,jacksondouglas@example.net,8697403387,7,365.83,2024-07-29,"73386 Sanchez Hill Suite 645
Kaiserchester, MI 89658"
943169,6762,5918,black,Latoya Patel,sdennis@example.org,704.754.0908x3620,3,673.12,2023-10-18,"USNV Williams
FPO AE 64508"
548865,1401,1372,toward,Melissa Watson,christopherflynn@example.com,001-303-380-4895x524,10,682.42,2024-05-31,"4316 Rose Lodge
Pattonberg, AK 83509"
271915,5544,5813,step,Cynthia Mcdonald,rodriguezheather@example.com,656.436.3214x028,9,911.81,2024-02-21,"0149 Avila Station Suite 326
Catherinebury, NH 60380"
502000,7954,9088,end,James Weiss,whiteashley@example.com,2636073890,9,222.7,2023-09-19,"738 Harrison Club Apt. 796
Jamesview, MH 80862"
386093,2309,4900,next,Lori Ferguson DDS,edwinfreeman@example.org,646-415-7276x4279,7,941.35,2024-01-09,"2110 Stewart Station Apt. 688
Kingland, OH 07859"
237014,8839,1950,personal,Karen Crawford,teresa90@example.net,(373)326-0352x406,3,844.2,2024-01-15,"114 Joshua Views
Jeremyland, MO 18885"
666255,5282,3914,drive,Kelly Vasquez,afoster@example.org,365.337.7111x69389,10,614.45,2024-03-13,"150 Michael Ways Suite 232
South Andrea, CT 17951"
417055,9823,3934,anything,Justin Smith,newtonbrandi@example.net,325.382.4000x52102,10,969.7,2024-05-29,"97370 Dalton Branch
Jillfort, AL 57986"
932313,9031,8260,few,Mark Rodriguez,stephanie19@example.org,+1-445-570-1692x965,4,368.35,2024-07-03,"354 Chavez Knoll
Murraymouth, MH 05231"
757677,8572,2244,support,Cory Medina,david64@example.org,2072601515,7,768.02,2024-02-01,"PSC 1362, Box 7616
APO AE 16763"
736087,5619,3191,area,Kathryn Keith,ricky97@example.org,706-939-4908,6,101.27,2024-05-30,"40472 Karen Motorway
Lowefort, KY 32855"
335085,9425,7984,election,Joshua Butler,gprince@example.net,761.505.2241x105,7,798.85,2023-09-05,"9547 Drake Ports Suite 320
Hudsonberg, FM 11294"
956229,1986,3932,knowledge,James Marshall,emiddleton@example.com,(360)214-4804,8,254.43,2023-10-10,"81779 Sanders Burgs Suite 640
Danaburgh, MD 52889"
183278,4939,4180,up,Timothy Bailey,morgan22@example.net,001-440-750-4998x796,10,888.12,2023-09-11,"91089 Robert Lodge
Lake Justinview, MI 98463"
374721,4519,5784,night,David Sanchez,joseph95@example.com,+1-833-781-2990x2494,4,41.64,2023-09-06,"PSC 8087, Box 3724
APO AP 44902"
901694,9923,5919,report,David Thompson,omoreno@example.org,+1-963-381-3155x469,10,818.71,2024-01-12,"04272 Henry Ways
Lake Johnshire, CO 86428"
673109,7215,1959,be,Daniel Page,milesashlee@example.com,2213373324,2,332.65,2024-04-03,"5437 Angela Union Apt. 523
Port Amber, ND 66747"
130391,8618,5169,thousand,Robert Thomas,hartsteven@example.org,615.471.7461,2,219.12,2023-10-02,"5324 Andrew Station
Carlosfurt, PR 68020"
791511,4820,5046,decade,Charles Lawrence,allen80@example.net,001-390-339-4369x26852,6,590.41,2023-12-19,"528 Christopher Brooks Suite 942
Smithborough, TX 97098"
770528,9062,2549,ago,Brittany Tate,aaron55@example.org,(719)764-8788x887,1,679.53,2024-06-16,"052 Garcia Summit
Wongtown, DC 29724"
389468,9592,9444,various,Nathan Brown,kellerjohnathan@example.com,001-284-768-2611x5132,1,691.32,2023-09-30,"7001 Cox Greens
Kevinshire, WV 21015"
544533,4892,5565,fine,Rebecca Tate,fisherkatherine@example.org,+1-760-990-9227x3569,8,399.4,2024-01-31,"354 Cross Unions Apt. 854
Rickyhaven, NE 61473"
727208,8347,3524,political,Kelsey Garcia,bkim@example.com,5099682203,10,164.63,2023-09-14,"19767 Mitchell Locks
Julieshire, DC 68677"
415221,7383,6025,many,Jessica Foster,charlenereynolds@example.net,+1-836-972-7960,4,752.51,2024-03-01,"1776 Anderson Rest
Port Amandaland, GA 28196"
565696,8143,3342,peace,Stephen Miles,wsolis@example.net,(427)786-1797,5,801.74,2024-03-28,"05019 Maynard Streets
South Danielstad, VI 33954"
271863,3179,7706,tree,Gregg Miller,patriciacordova@example.net,001-216-202-8922x12456,5,964.73,2024-05-06,"USS Cruz
FPO AE 29521"
681592,1010,3152,bill,Ana Allen,watkinsrobert@example.org,001-249-224-0667x2266,3,968.03,2024-04-24,"51305 Richard Unions
East Carolyn, MD 54468"
477930,2578,5951,friend,Nicole Rodriguez,vpark@example.org,505.909.4557x29590,6,196.58,2024-03-09,"618 Janice Ville Suite 493
Martinezfort, DC 97586"
283409,1808,3622,he,Jeffery Lutz,alan36@example.com,453-583-0156,8,250.13,2024-08-05,"79145 Kathleen Fords Suite 230
Lake Ashley, NE 42898"
452080,6860,9271,sometimes,Eric Jackson,sarah50@example.com,4878453414,9,800.29,2024-03-20,"652 Kathy Stream
Adamsmouth, PR 58331"
450337,4658,5342,sing,David Acevedo,lisa79@example.org,382.850.0626x53943,1,849.38,2023-12-22,"5604 Keith Mews
Cherylshire, VT 35685"
334852,2132,8898,rock,Tyler Stephenson,vincentcooper@example.com,479.670.2123x34702,6,168.84,2023-08-28,"3066 Conner Burgs Suite 832
Christopherport, IN 51107"
699528,1274,1415,much,Christine Garner,davidlewis@example.net,561-848-0817x3481,4,505.42,2024-02-05,"USNV Griffith
FPO AE 04572"
593838,6815,5098,store,Karen Powers,heather26@example.net,001-717-264-7908x6885,1,153.12,2024-05-24,"2265 Julie Via
Kelleychester, HI 64161"
160372,9212,9839,attention,Brandon Simmons,melody49@example.net,(985)541-0943x28620,2,468.05,2024-07-28,"925 Tiffany Road
Port Aaronshire, KY 24056"
772640,8104,3077,situation,Kathryn Butler,mcdanielerik@example.org,+1-826-596-8016x709,6,389.45,2024-05-31,"0002 Kyle Drives Apt. 787
Reidside, FL 17835"
137180,6475,8766,probably,Maria Johnson,riveramary@example.org,+1-829-915-6767x5993,1,110.83,2024-01-15,"29376 Daniel Junctions Suite 806
East Michaelbury, FL 80101"
287483,1700,2336,employee,Jeffrey Ruiz,kmyers@example.net,(460)991-4085x52982,5,873.92,2024-08-04,"3844 Watts Drive
West Scott, KY 23174"
881109,7717,2010,public,Wayne Fuentes,beasleybryan@example.com,001-514-632-7699x558,9,331.77,2023-11-12,"08502 Peter Centers Suite 480
Clarkborough, IN 58569"
873933,6279,9804,society,Mark Phillips,sbrooks@example.com,(282)929-4121x132,4,855.72,2024-05-03,"6143 Catherine Bridge
Davidfurt, MA 38867"
243653,1835,3420,culture,Kristina Baker,gregwatts@example.net,797.336.0984x548,5,523.09,2024-07-14,"44631 Amanda Common
Fordville, NJ 47554"
148840,3697,8767,home,Tara Moody,kristen01@example.org,001-450-866-2939x9733,3,318.96,2024-05-15,"2261 Briana Court
Carrollview, KS 29304"
848290,1735,6525,instead,Ashley Olson,dawnhernandez@example.com,(757)846-7111x824,10,583.96,2023-12-06,"21794 Catherine Views
Cindymouth, FL 42390"
988020,6251,9255,thousand,Dawn Pittman,jessicahicks@example.net,001-999-996-0542x7777,7,635.46,2023-11-27,"0144 Albert Spur Suite 072
West Leslie, OR 69674"
281192,8136,2630,charge,Caitlin Padilla,owilliams@example.net,482-527-1149x413,2,747.11,2024-06-20,"3127 Brandon Lock
Amandatown, AZ 13413"
862240,2802,3992,south,Keith Pacheco,eric30@example.com,+1-624-225-7745x140,8,702.04,2023-11-13,"280 Cooper Stravenue Apt. 441
West Heather, TN 89539"
560901,5520,4195,forget,Mary Garner,schultzcharles@example.net,5303089625,7,618.2,2024-02-04,"6966 Amy Forks
Johnsonville, NC 34388"
571870,4062,8542,shake,Julia Peterson,kerry85@example.com,(809)933-3514,10,687.84,2023-08-28,"00730 Mccoy Extensions Suite 399
New Joe, OH 58263"
625170,8492,8435,radio,Amy Moore,robinpollard@example.org,(758)939-5719,6,670.28,2024-06-24,"9884 Jones Fall
New Robert, OH 22099"
822978,5370,3516,human,Justin Aguilar,bhenry@example.net,(637)483-4532x1327,7,800.69,2023-08-12,"05865 Robbins Camp
Lucaschester, OR 01013"
799034,4104,6155,deep,Timothy Larson,kimeric@example.net,319-530-1259,2,404.77,2023-12-23,"Unit 5787 Box 8752
DPO AP 06612"
955789,3454,9068,special,Beth Reyes,longbrittany@example.org,(915)362-6392,4,792.91,2024-05-04,"337 Margaret Walk
West Gregoryfort, NJ 99612"
147118,8433,9007,receive,Jennifer Benson,jade64@example.org,001-611-646-1661x31352,5,678.65,2024-01-28,"813 Eric Inlet Apt. 606
Davidburgh, VA 81321"
790278,6226,9912,tax,Lucas Ortiz,carsonrachael@example.net,+1-725-977-5071x91089,1,941.42,2024-02-29,"380 Cherry Inlet
Lake Jeffreytown, CT 74557"
108705,8861,4222,pattern,Nicholas Young,sboyd@example.net,+1-331-892-1229x44681,3,860.95,2024-02-18,"05642 Kathleen Row
East Kevinview, NV 44062"
938630,5628,2054,suggest,Timothy Matthews,mollymatthews@example.com,836.456.0349,5,993.31,2024-05-31,"322 Lee Grove
Lynnchester, VT 99050"
984108,2562,4130,service,Kimberly Gaines,lauren12@example.org,939.397.7872x28632,2,30.29,2023-11-07,"036 Alexis Plains Suite 408
East Julia, AZ 25448"
102900,3791,9747,standard,Megan Phillips,jvaughn@example.net,415-854-0930x19817,10,967.64,2023-10-30,"642 Greg Field
Lake Patrickton, MI 85600"
519949,4798,1685,inside,Vanessa Dawson,estesmichael@example.com,(389)760-5081x14395,5,149.93,2024-07-22,"114 Alexandria Plaza Apt. 948
Ericaton, ID 00672"
747983,1898,5452,those,Haley Williams,rodriguezmatthew@example.net,881-676-3084x18265,3,886.54,2023-11-27,"3280 John Wells Apt. 685
Ralphview, ME 87619"
868452,1478,1149,step,Max Bailey,ipacheco@example.org,825-508-4228,4,430.25,2024-02-03,"297 Nguyen Rapid
New Micheleton, UT 38736"
647194,7071,8616,of,Katrina Humphrey,watsontina@example.org,256.218.6072,7,186.74,2024-02-10,"939 Monica Run
Adamsfort, AK 03126"
202256,3686,6084,but,Linda Garcia,gelliott@example.com,001-241-405-0571x8940,8,595.95,2023-09-06,"571 Spencer Orchard Suite 607
Mooretown, MD 43974"
129271,4059,7648,sign,Diane Martinez,zbaker@example.com,870-794-5918x38625,1,633.33,2024-03-23,"PSC 6296, Box 1280
APO AA 33089"
742328,6979,1838,small,Joshua Murphy,cartermargaret@example.org,412-430-9946x465,10,85.78,2024-03-06,"7768 Barber Trace
Williamsfort, CT 41111"
302743,5447,3721,TV,Kenneth Jacobson DDS,adammichael@example.org,(847)400-4780,2,412.7,2023-09-27,"12980 Christopher Meadow Apt. 086
Lake Samuelton, MA 80687"
941383,6987,9497,relationship,Jennifer Brown,catherine72@example.org,001-690-872-8966x27484,7,908.45,2023-11-18,"1427 Turner Forest Suite 520
East Kim, WI 48681"
960553,3375,3148,table,Kyle Bernard,gabriella41@example.com,(628)536-2370x22672,2,397.2,2024-05-24,"78425 Simmons Dam
Atkinsfort, AZ 22564"
173230,1441,3698,current,Craig Kline,gallowayamber@example.net,444-568-4055x929,6,611.56,2024-05-11,"6826 Meyer Vista Apt. 804
Port Madison, MN 73731"
225185,1826,5076,blue,Clayton Williams,jennifer42@example.com,931.816.9682x5261,8,821.37,2023-11-03,"40156 Christine Courts
Stevenborough, ME 68226"
898197,2101,3641,animal,Christian Holland,hernandezalexis@example.com,(276)319-2362,3,725.19,2024-03-21,"62696 Hutchinson Plains Apt. 843
Michellechester, RI 08946"
261429,2273,4557,buy,Rachel Stewart,maciasalicia@example.org,001-845-379-3147,7,446.68,2024-05-02,"65064 Justin Mountain Apt. 526
Hamiltonview, ND 10823"
225091,3453,7137,tell,Stephen Beck,lawrencenicole@example.net,(350)892-1932x51694,10,143.97,2024-03-24,"18009 Jesus Throughway
Kaneshire, IL 98378"
432469,2925,4678,win,Logan Russo,ygreen@example.org,001-964-984-6279x42116,1,127.15,2023-09-19,"5372 Mcdonald Drive
East Angelaborough, TN 85371"
193938,3626,9471,here,Luis Boyer,kelly06@example.com,001-477-312-1292x470,10,437.61,2024-05-28,"3221 Mary Station
South Matthew, NM 45241"
341757,2128,1879,particular,William Martinez,martinoscar@example.org,+1-687-322-6532x75682,1,221.74,2024-06-20,"695 Brian Knolls Suite 654
South Thomastown, VA 83435"
752941,8773,3103,message,Ashley Reid,tylermiller@example.com,+1-494-814-5867,7,173.8,2024-04-18,"Unit 5017 Box 1655
DPO AE 20994"
312534,1463,9179,happy,Robert Rodriguez,matthewday@example.com,446-552-5194x777,3,594.22,2024-01-18,"93750 Lamb Ville
Denisechester, SD 36869"
641626,3400,7286,catch,Madison Potts,cruztracy@example.org,(620)760-6747x7147,7,674.59,2023-08-22,"24550 Angela Crossing
Martinburgh, AK 09872"
104011,2941,1490,work,Jessica Davis,clayton04@example.org,(693)565-5990,5,546.71,2023-08-13,"99969 Dana Haven
Kellyland, TX 20477"
294876,9567,4306,her,Cameron Boyd,davidholder@example.net,001-306-695-5100x06836,10,26.43,2024-02-07,"36762 Taylor Lights Suite 879
East Scott, WI 23582"
349491,8186,2444,woman,Katrina Knight,phillipsamanda@example.net,001-980-211-1127x5737,9,614.09,2024-06-04,"07333 Harrington Road
Rebeccafurt, GU 35550"
924407,1248,4318,movie,Suzanne Brown,tracycarter@example.org,507-670-8181,1,958.8,2024-07-23,"621 Lucero Square Apt. 160
Davishaven, OK 88306"
160950,7106,3708,news,Matthew Hawkins,philipcooley@example.com,823.582.5920,7,211.4,2024-06-23,"520 Erin Ways
Trevinoburgh, AL 26332"
989571,4461,9500,old,Hunter Miller Jr.,catherine47@example.net,395.436.5875x6304,10,445.68,2024-07-20,"624 Valerie Manor Apt. 167
Seanside, GA 78324"
843765,7615,8386,throughout,Stacy Espinoza,kellibanks@example.com,(759)716-4627,8,889.54,2024-06-03,"111 Taylor Skyway
North Ashleyhaven, NE 30913"
204849,2558,8387,vote,Michael Mcpherson,grahamethan@example.com,6386473048,7,783.95,2024-03-22,"608 Brown Ridge
Michaelmouth, RI 30596"
272395,2133,3022,watch,Michelle Stephens,katherine11@example.net,308.984.8935x17560,1,597.33,2023-11-03,"9515 Stephen Key Suite 246
Haleyborough, CA 48725"
364590,6604,2864,organization,Ashlee Lee,carrie37@example.org,001-715-781-1334x488,6,167.67,2024-05-04,"930 Fields Station Apt. 168
Port Amandaside, AZ 26795"
451498,1360,5218,yard,Michael Gordon,anitajohnson@example.net,2254992904,3,36.96,2024-01-12,"376 Cortez Cape
North Christian, SD 07888"
172616,6264,3083,hear,Jennifer Meyer,jacksondavid@example.com,944-748-4230x4539,1,116.6,2024-03-08,"USNS Hall
FPO AP 11574"
646641,4065,3603,politics,Alvin Wright,yclark@example.com,4673255635,8,322.73,2024-04-27,"7405 Sheryl Port
Lake Kristy, DC 40169"
478752,9011,3189,material,Lisa Taylor,gonzalesstanley@example.net,507.987.8779,2,47.04,2024-04-20,"009 James Terrace
Juliefort, OR 16873"
395151,9018,7085,either,Marvin Medina,fmendoza@example.org,001-585-661-8404,10,304.79,2024-01-19,"032 Vang Estate
Loristad, SC 23890"
883945,5761,3962,decade,Megan Rubio,bradshawpaula@example.net,919-417-1526x03466,10,307.11,2024-02-21,"PSC 8649, Box 7354
APO AP 52395"
483996,1150,9422,yourself,Charles Hale,hopkinsjoshua@example.com,001-298-852-2790x508,5,643.07,2024-05-12,"7956 Johnson Walk
North Danielle, AS 95255"
797139,1194,7683,system,Edward Torres,leekathy@example.com,001-684-823-2710x4004,8,677.11,2024-07-09,"179 Howard Lodge
Port Sandy, NM 54951"
310585,3956,9635,then,Jennifer Snyder,ohartman@example.net,785-992-6579x27279,2,345.76,2023-11-19,"6709 Todd Rue
New Kimberlyfurt, MA 95610"
279681,8508,4523,there,Joseph Warner,timothy47@example.org,920-903-4996x864,10,253.7,2023-10-11,"614 Jeremy Roads
Patriciabury, UT 02032"
546918,1877,4472,food,Stacy Romero,kevin49@example.org,001-683-944-8559x851,4,391.93,2024-05-04,"276 Adam Via
Haynesmouth, MT 96933"
293758,1271,3166,clearly,Melissa Fox,gbrown@example.com,209-750-4885x79304,4,12.07,2023-12-15,"931 Osborn Orchard Apt. 129
East Shannon, NY 24743"
325873,6470,4831,television,Brooke Russell,belljeffrey@example.org,(825)284-6894,4,384.1,2024-05-05,"573 Rodriguez Cliff Apt. 013
Paulstad, HI 49805"
419611,8829,2627,federal,Alice Wilson,kristin45@example.net,+1-779-448-5269x6338,4,613.05,2023-10-30,"9938 Sellers Path
Brendahaven, NC 70714"
564190,8054,1712,may,Dr. Bradley Wright Jr.,lopezroger@example.org,(896)282-0246,7,750.62,2024-03-18,"373 Reynolds Fork
Michaelport, MD 34523"
593507,3784,3848,remain,John Clark,kenneth44@example.net,509-917-8965x509,3,500.73,2024-02-13,"34571 Jennifer Shore
Edwardside, SD 79843"
557854,8549,6017,table,Matthew Garcia,christian87@example.org,801.636.7075,4,13.05,2024-03-16,"227 Jesse Trail Apt. 409
New Eddie, AK 78547"
688274,9321,7582,out,Dustin Baker,brittneyfisher@example.net,868.697.8994x2630,5,86.89,2024-02-01,"171 Cynthia Park Apt. 359
Donaldside, AZ 22406"
965778,7843,5188,American,James Davis,stephanie53@example.com,536-940-0257x407,9,894.67,2024-06-06,"Unit 5730 Box 4944
DPO AE 18707"
698027,6854,8164,professor,Lisa Braun,phillip91@example.com,309-591-0105x02013,7,147.9,2023-10-28,"0593 Hess Passage Apt. 106
Johnsonborough, MA 95997"
369878,2698,6954,specific,Austin Owens,xmurphy@example.net,761-768-6992x617,5,73.48,2024-07-15,"64465 Perkins Manors
Jenniferside, HI 01607"
853441,8297,5753,section,Jason Anderson,jordangarcia@example.net,001-509-806-1567,8,272.08,2024-07-07,"578 Kelly Field Apt. 027
East Robertville, ID 10816"
235590,1079,3174,church,Kristin Brown,jessica12@example.net,001-965-963-2402x6552,6,387.29,2023-12-22,"664 Madeline Bridge Apt. 007
South Anna, RI 13078"
452173,2512,6974,study,Christopher Nichols,sherimckee@example.net,+1-481-815-0104x064,7,106.09,2023-08-12,"525 Arellano Points
Port Carlosfort, GU 07599"
628926,6306,4347,have,Heather Gray,adamsshannon@example.com,001-548-740-9372x2472,7,559.3,2023-11-14,"27080 Cortez Forks
East Jenniferhaven, GA 20044"
772614,8327,2960,build,Scott Washington,ymartin@example.net,001-505-675-6407x44399,6,589.81,2023-08-18,"56948 Peter Park Apt. 107
Hamiltonmouth, AL 95374"
168406,6162,9018,them,Dennis Howe,christopherwilson@example.net,951-575-3472x704,10,588.62,2023-10-20,"13651 Christopher Harbor Suite 652
Port Crystalport, ID 83101"
503289,5502,7605,leader,Mario Bolton,qcarter@example.net,001-601-584-7960x87840,1,805.57,2024-07-29,"895 John Circles
Port Donaldhaven, VA 61155"
791026,2812,8182,guess,Nicole Bernard,nashchristian@example.com,315.279.8749x341,2,749.36,2024-08-06,"977 Amanda Lakes
New Sara, OH 85886"
583224,3475,1932,truth,William Fuller,millersydney@example.org,001-474-446-5605,8,466.07,2023-12-22,"10473 Green Stravenue
East Brianna, ID 99813"
703444,9646,7513,major,Mary Nguyen,jade73@example.com,001-812-989-8391x43817,3,92.92,2024-06-27,"551 Phillips Mews Suite 074
Zamoratown, MT 62913"
309304,1229,9822,a,James Reeves,pameladowns@example.com,301-914-5226,6,513.96,2023-10-17,"3882 Brandy Inlet Apt. 806
Ruthshire, NJ 92760"
861123,8097,1102,executive,Julie Rodriguez,richardpage@example.net,910.214.3895,2,859.95,2023-11-02,"Unit 6763 Box 8584
DPO AA 72394"
480681,5477,3550,others,Joel Murray DDS,hectorschneider@example.net,206.817.8002x591,5,633.39,2024-03-20,"6751 Julia Estates Suite 310
Jennifermouth, OH 97938"
130584,9511,4660,sort,Matthew Mcclain,philliplawson@example.net,+1-511-470-5357x768,9,190.56,2024-03-10,"445 Burns Fort Apt. 181
Jenkinstown, VT 29080"
540985,5785,2886,toward,Amanda Hernandez,zchristensen@example.net,001-834-442-7447x30564,4,740.0,2024-02-01,"59475 Sherman Islands
North Michaelamouth, MT 16097"
659071,2971,3504,our,Michelle Simmons,daviddonaldson@example.org,+1-884-408-5360x99430,3,156.1,2024-01-15,"75870 Anthony Stream
Melissaport, UT 60190"
140822,3314,6330,work,Martin Holder,chanbenjamin@example.com,790.293.1237x758,2,684.91,2023-12-01,"694 Morris Extensions
Mccoyshire, MS 50805"
896850,3205,8327,heavy,Jeff Randolph,riveraemily@example.net,324.898.3547,1,923.24,2024-03-05,"0560 William Parks Suite 714
Edwardfurt, MH 41374"
195809,7945,2094,upon,Cheyenne Walsh,allisonpollard@example.com,693.484.8842x8568,9,265.2,2024-03-27,"01317 Adams Villages
Aaronstad, NE 38510"
156011,9344,8863,edge,Robin Gonzalez,ebrown@example.org,(714)283-5915x64503,2,794.96,2023-08-14,"PSC 5975, Box 5813
APO AE 10755"
721868,8238,6194,once,Steven Thomas,jsheppard@example.net,4916243531,6,420.05,2023-10-21,"Unit 6870 Box 6896
DPO AA 69684"
975381,4931,9471,newspaper,Mary Horton,keithderek@example.com,854-770-0063x71483,9,37.84,2024-08-09,"70359 Sarah Lane
New Michael, LA 52913"
278292,3092,2861,wall,Juan Martinez,rschneider@example.net,268-968-7185x5399,6,819.71,2023-10-19,"0492 Moreno Plains Apt. 431
New Geraldmouth, FL 33529"
103165,7786,5903,artist,Courtney Friedman,lopezmary@example.com,(625)725-9919,8,358.21,2024-01-05,"852 Garza Springs Apt. 943
Lake Randy, HI 00579"
378856,7287,6952,billion,Fernando Rhodes,christopherclarke@example.com,(594)689-3218,9,147.34,2024-07-26,"49691 Gonzalez Islands Suite 904
Turnershire, MN 63433"
386605,6230,1554,pressure,James Snyder,clinepatrick@example.com,(357)423-6187,5,838.36,2024-04-13,"035 Michael Estates Suite 888
Dustinchester, TN 28620"
496398,7321,6481,break,Melissa Carey,patrick55@example.com,323-905-8886x12696,5,165.43,2024-01-07,"2914 Anna Lodge Apt. 317
Rodneychester, AS 74660"
438825,4692,4275,good,William Palmer,austinjohnny@example.org,376-356-2686x9052,10,334.32,2024-02-22,"3967 Wong Rest
Port Samantha, AL 11567"
334610,4345,6510,society,Nicholas Mckenzie,uhobbs@example.org,001-983-891-2315x669,4,969.04,2024-04-21,"641 Chavez Pass Suite 975
Port Taylorton, MI 62931"
456866,2158,8846,adult,Melissa Walker,charleshess@example.net,408.220.4077x69359,5,596.74,2023-09-21,"81135 Rivera Flat
North Matthew, WI 34430"
417246,4564,9418,however,James Saunders,victoriaedwards@example.org,883.297.1641x076,3,942.64,2024-06-01,"16013 Gilbert Roads Suite 918
North Martinberg, WI 67042"
495601,9813,5445,thank,Scott Clark,jaimevasquez@example.org,347.728.0748,3,915.85,2024-05-07,"53099 Osborne Street Suite 736
Velezview, IL 39988"
500070,3077,8234,lay,Tim West,murraytimothy@example.com,8877843939,2,953.79,2024-01-22,"Unit 6373 Box 2987
DPO AA 64037"
348467,5053,2800,institution,Nicholas Coleman,crystalrichmond@example.net,661.868.6300x6829,9,99.46,2023-09-17,"3782 Jose Unions
North Tanyamouth, IL 68097"
806023,5952,6171,everybody,Nicholas Peterson,gallison@example.com,(998)634-2437x100,8,895.13,2023-12-25,"Unit 2043 Box 9517
DPO AE 79386"
438395,8778,6376,trouble,Mrs. Cassandra Little,carsonmichael@example.net,(617)219-7604,9,305.86,2024-04-10,"285 Kristin Mountains
West Megan, CA 31654"
111900,7043,5215,pretty,Stephanie Robles,raymondkim@example.org,+1-529-413-2356x0670,6,250.78,2023-12-31,"22524 Michelle Place
Taylorside, ID 09579"
442591,3225,8412,father,Jessica Peterson,mary83@example.org,769-445-0491x4187,8,878.03,2024-06-01,"52679 Phillip Run
Amybury, SC 47259"
715938,3287,1342,kid,Melinda Gonzales,jennifermayer@example.net,+1-974-742-1152x38698,10,97.48,2023-10-24,"9454 Jennifer Court Apt. 794
Lake Rebeccaside, KS 52986"
543994,9235,6506,the,Jennifer Ortega,psmith@example.org,001-425-485-9364x8735,4,782.82,2023-12-30,"1032 Watson Hollow Apt. 405
West Susanside, MT 07961"
351429,8412,7995,like,Joseph Long,shawnreed@example.com,833-256-8987x563,3,88.46,2024-04-13,"1035 Derrick Shoal Suite 519
North Ginaberg, OH 85903"
780220,7302,3903,raise,Amanda Duarte,jillian30@example.com,001-458-536-1730x2396,2,594.07,2023-11-13,"358 Banks Rue Suite 553
Port Ashley, WV 30128"
417806,2573,8952,miss,Elizabeth Smith,meganhorton@example.org,+1-439-570-2729,4,728.05,2024-05-08,"065 Hill Cape Suite 716
West Michellehaven, MA 31586"
835266,8418,7093,its,Steven Jordan,ann75@example.com,811-578-8121,2,134.14,2024-02-18,"2782 Ryan Parkway Apt. 285
Kathymouth, KS 31678"
568076,1806,6083,respond,Brenda Miller,johnny39@example.org,001-615-298-1875,4,169.41,2024-04-01,"3228 Hickman Stravenue
Port Jasonburgh, WY 67434"
680109,5825,9256,radio,Steve Lin,sthompson@example.org,(689)231-1219x2977,2,741.24,2024-04-05,"98883 Melissa Dam Apt. 228
Josephfort, MN 15769"
953329,7551,5980,begin,Paula Cooper,lopezdaryl@example.org,606.395.7376x24607,3,752.55,2024-01-02,"70674 Gregory Fords Suite 390
East Davidview, IL 25881"
564625,2789,9839,establish,Justin Edwards,walkerkelli@example.net,(558)326-9050x0223,1,99.03,2024-03-18,"75062 Stevens Curve
Lake Joseph, NV 88706"
926533,1872,2215,value,Mallory Dillon,leeheather@example.org,4038697419,7,777.8,2024-02-25,"40927 Robert Terrace Apt. 675
West Josephtown, ND 79093"
742626,3752,5214,hold,Lindsay Phillips PhD,hornerhonda@example.net,566.654.4618,9,930.16,2024-01-23,"728 Serrano Drive Suite 832
West Stephentown, SC 33604"
841082,8942,8654,east,Kyle Miller,anthonyrodriguez@example.org,(285)826-2262x03647,2,647.82,2023-12-11,"78649 Luna Greens
New Jessica, WV 64328"
502135,8415,1019,claim,Crystal Collins,dhall@example.com,001-866-399-3128x09806,8,998.04,2023-10-03,"3549 Flynn Valley
Carolynchester, SC 18373"
674863,4839,9848,may,Anthony Lee,harristimothy@example.com,+1-678-260-6538x4398,10,794.64,2024-06-28,"81885 Myers Inlet Suite 725
Erikbury, NJ 97663"
629357,5201,6931,a,Scott Austin,dawndavis@example.org,593-375-5272,10,692.75,2023-08-30,"432 Kayla Trace
Allisonmouth, NV 55793"
362734,4937,3978,thought,Brian Wiley,wesley08@example.com,579.484.2979,2,70.34,2023-09-28,"82895 Tracy Plaza
Andersonmouth, VA 03105"
670781,6307,2507,bag,Jon Mason,cassandra91@example.com,001-881-667-4823x9622,3,842.0,2024-01-23,"964 Smith Stravenue Suite 554
Bruceton, IA 77734"
407126,8118,9566,ok,Carrie Burns,jeffrey21@example.net,806-415-9780x61531,4,373.1,2024-05-18,"144 Jennifer Pines Suite 497
Port Stevenborough, WA 44360"
839738,4213,2174,director,Lisa Buckley,hartalejandra@example.com,7294697343,4,46.13,2023-11-07,"0705 Glass Field
Port Darinbury, TN 11650"
262550,5395,9198,throw,Anita Nelson,matthewali@example.org,394-449-3189x038,9,239.02,2024-05-29,"PSC 1417, Box 4815
APO AE 32866"
994455,1234,1911,important,Patrick Cohen,victorbell@example.org,(220)696-5522x7740,5,511.11,2023-09-30,"2872 Lauren Parkway
South James, TN 26510"
560330,3200,5681,those,Sandra Young,ruth73@example.com,+1-941-529-2700x732,8,603.21,2023-11-18,"508 Pena Squares Suite 230
West Josephhaven, AZ 94875"
609548,3827,6328,why,Veronica Hernandez,melendezrobert@example.com,+1-506-703-5675x41281,8,123.28,2024-07-09,"79392 Louis Ways Suite 091
North Catherine, OH 78507"
523346,6889,3722,first,Tina Trujillo,jessenorman@example.com,+1-998-468-2243,2,756.58,2023-12-21,"777 James Villages Apt. 192
New Tamarafurt, MI 59318"
617471,4951,6085,court,Timothy Smith,tvillarreal@example.net,001-552-520-2665,6,592.59,2023-12-04,"3019 Murphy Bridge Apt. 684
Michaelmouth, FL 74603"
601635,5275,6919,phone,Lori Smith,michael73@example.net,6889530513,1,490.73,2023-09-06,"7819 Steven Crescent Apt. 451
New Richard, AZ 85534"
887500,1433,8506,look,Amy Miller,dpage@example.com,+1-392-946-5707x50050,10,528.24,2023-11-05,"14471 Zimmerman Ports
Port Jim, MA 32661"
220772,6602,1324,common,Janice Alvarez,ywright@example.org,(651)852-7955x3959,5,303.92,2024-06-04,"5127 Regina Islands
Robertview, KY 70702"
715866,9584,3718,marriage,Brenda Moss,jessicamiller@example.org,(398)700-2315,6,416.48,2023-12-10,"90230 Gutierrez Station
Chandlerview, MH 71504"
963421,8646,3615,assume,Steve Bryant,sarah39@example.com,634-895-7749,8,369.47,2024-05-15,"90656 Elizabeth Landing
Lake Ashley, OR 02367"
484971,6946,5592,when,David Williams,ellen90@example.org,001-864-918-1882x702,5,595.2,2024-05-31,"Unit 1508 Box 6667
DPO AE 95331"
690229,8779,6879,son,Matthew Marks,rnguyen@example.org,230.454.1682,7,451.56,2023-09-11,"Unit 4802 Box 9850
DPO AE 06741"
347098,5339,2889,catch,Jocelyn Smith,foxjoel@example.org,613-725-8334,7,11.46,2024-02-28,"9554 Poole Track
North Rileybury, MH 72819"
775906,1505,8044,difference,Stacey Oconnell,mayshannon@example.net,6488907630,1,625.52,2024-07-10,"35419 Bauer Summit Suite 315
Heatherville, CO 15946"
949444,3162,9201,military,Anthony Hawkins,amandaperez@example.org,943.606.3937x1652,10,514.08,2024-05-25,"2858 Elizabeth Passage Apt. 910
Dariusview, AS 90031"
917343,6604,7065,arrive,Ashley King,charlesfox@example.com,001-395-208-9344x2309,1,213.98,2024-06-27,"33044 Taylor Mall Suite 878
North Cody, FM 50026"
464508,4341,8183,never,John Bean,harrisontracey@example.net,(280)373-6304,5,94.5,2023-08-16,"43356 Jeffrey Bypass Apt. 477
North Mary, OR 82729"
552686,9680,5387,stand,Nathan Anderson,cassidy03@example.com,(466)566-4361x48897,2,218.85,2024-03-13,"828 Greene Meadow
North Justin, SD 97863"
557255,1335,4237,when,Megan Bush,cynthiamiller@example.org,001-406-353-1264,4,141.0,2023-12-16,"251 Beth Mountains Apt. 448
Littleport, RI 77031"
633669,6921,7933,author,Nicole West,jbishop@example.com,(718)867-9244x795,1,834.04,2024-07-18,"6517 Christensen Junctions
Williamshaven, MD 17325"
481381,8810,5134,clear,Jessica Smith,davidsongeorge@example.net,+1-521-325-3126x7369,9,665.34,2023-10-14,"8960 Lopez Haven
Wrightfurt, CO 42541"
466704,9379,3569,large,Jordan Davis,kennedychristina@example.net,760.911.4945x8559,1,800.74,2023-11-02,"9468 Scott Mountain Suite 876
West Brittneyview, CO 46790"
288087,5543,4379,happen,Dr. Angel Gordon,jefffleming@example.org,658-736-4047,1,427.82,2023-09-18,"837 Joshua Ferry
Hansenfort, KY 44424"
431325,4522,5698,than,Ronald Murphy,snydermichael@example.net,258.386.9616x421,6,279.22,2023-10-31,"3125 Williams Heights
New Gabrielleton, VT 66221"
693165,3377,9837,during,Karen Steele,hesterjose@example.org,969-621-1494x308,3,562.56,2024-03-28,"0108 Acosta Hill
Port Amanda, NC 08549"
436776,6104,1960,wind,Erica Rasmussen,yrodriguez@example.org,+1-440-868-9713,9,662.18,2024-01-24,"3010 Barnett Bridge Suite 820
South Sharon, GA 99474"
968966,9944,7425,end,Richard Sandoval,cowanangela@example.org,001-911-549-0446x1734,9,332.88,2024-06-12,"16832 Thomas Heights
North Robert, KS 92980"
268071,2564,3396,bed,Brian Bennett,bradshawjill@example.com,+1-986-764-7125x7248,5,196.13,2024-02-04,"9168 Ryan Plaza Suite 895
Dianemouth, DC 16289"
234045,5029,7629,soon,Jennifer Campos,collinsamy@example.org,(952)398-3054x34116,3,730.11,2023-11-07,"428 Craig Squares
East David, VT 11810"
132166,7050,5861,foot,John Schroeder,andersonkelly@example.org,001-719-302-8634x7250,10,772.05,2024-06-11,"459 John Forks
East Matthew, KS 11960"
728571,8336,9659,late,Jeremy Collins,christopher50@example.com,001-949-353-9211,7,930.18,2024-01-25,"65243 Laura Ridge Suite 849
Port Brian, MP 04085"
886718,7315,7129,lay,Michael Valdez,hcalhoun@example.net,(804)480-9959x865,10,746.39,2023-10-02,"412 Welch Way
New Diana, OK 56269"
408992,3267,7313,close,Jamie Carlson,mariarobbins@example.net,3632776333,7,767.54,2024-07-01,"660 Scott Valleys
Olsenborough, HI 36237"
982274,6169,8556,growth,Barbara Lopez,fryedennis@example.com,001-706-278-3115,4,782.31,2023-12-04,"PSC 1494, Box 7345
APO AP 11041"
755959,5250,5135,line,Patrick Clarke,kimberlylove@example.org,(833)371-3504x2264,8,90.09,2023-10-13,"5382 Daugherty Burgs Apt. 791
East Andrew, ME 81862"
327951,5886,2436,cover,Zachary Lin,mgreen@example.com,996-952-7089,4,749.91,2024-05-21,"Unit 3776 Box 3302
DPO AE 39577"
433004,3275,7216,card,Daniel Perez,briansimon@example.com,597.761.8979x2562,1,664.25,2023-12-23,"061 Cook Course
Andersonside, PW 33021"
339824,8817,6070,rise,Brittany Rivera,josephrandy@example.net,(219)420-8553x977,8,556.11,2024-06-16,"61528 Alexander Forks Suite 799
South Jamesville, CA 95455"
238522,5055,4386,ball,Stacy Church,joseph70@example.org,356-235-9342x68310,2,915.86,2024-01-04,"117 Powers Rapid Suite 442
Loristad, NV 85953"
708051,5862,1157,catch,Karen Harmon,cindy76@example.org,(926)838-8858,8,886.01,2024-08-01,"Unit 2467 Box 7789
DPO AE 17211"
308144,6665,3708,everybody,Nicholas Salazar,fpace@example.com,852.487.9780,7,484.14,2024-07-05,"3695 Evans Meadow Suite 369
Port Jon, PR 15406"
147076,1931,2681,stage,Jeremy Nelson,joe29@example.net,3199283662,1,728.78,2024-07-09,"6567 Giles Drive
Courtneyburgh, KS 36700"
926365,2543,7409,thank,Katherine Castro,david99@example.org,203.579.2579,8,546.46,2024-05-13,"980 Spencer Knoll
Andrewview, ND 90742"
316646,2819,2072,third,Renee Ross,sonyabowen@example.net,398.250.9104,6,214.66,2024-04-13,"42694 Wilson Forges Suite 902
Seanport, NJ 64458"
667140,5027,9232,get,Kayla Horton,kevinarnold@example.net,774-610-8340x002,1,242.32,2024-06-06,"76691 Timothy Spurs
North Jasonland, GU 37038"
544710,2617,2174,western,Andrew Thompson,jeffrey83@example.net,6923599617,1,847.05,2023-11-13,"222 Fitzgerald Branch
North Nicole, RI 34350"
473249,9940,2746,point,Stephanie Rodriguez MD,justin74@example.com,995-944-9161x9625,1,601.47,2023-09-29,"2911 Dyer Port Suite 662
Marquezside, VT 67686"
368052,4156,1141,none,Sarah Blair,jessicagutierrez@example.org,659.202.2619,4,463.12,2024-03-27,"5507 Jonathan Stream Apt. 516
West Valerie, TN 41345"
301438,7593,6721,practice,Sarah Wang,calvinwong@example.org,001-730-321-4425x25416,5,702.85,2023-11-08,"PSC 3629, Box 2703
APO AP 09310"
548411,3326,7104,pull,Joseph Scott,carl70@example.org,+1-301-506-2642x94722,10,17.49,2023-12-04,"195 Green Drive
New Annestad, NJ 31305"
653249,6648,1662,third,Candice Walter,kristin32@example.net,490-457-8262,10,742.8,2024-07-02,"4994 David Junctions
East James, MI 50135"
180891,3668,4709,detail,Peter Lynch,williamsjason@example.org,603-704-2772x83451,2,413.77,2024-05-28,"4049 Michelle Rapid Apt. 382
East Alyssashire, NE 39928"
144366,7866,8241,account,Jeanne Evans,staceypeterson@example.com,339-455-2092,4,903.07,2024-05-23,"955 Audrey Row Suite 127
New Denise, PA 75204"
192537,6277,6472,heavy,Jeremiah Wood,smithdavid@example.net,+1-581-452-8623,3,906.13,2023-12-02,"USNV Roth
FPO AE 02333"
900220,1033,5961,every,Thomas Sims,bmoran@example.net,+1-450-649-6970x16136,1,76.9,2024-03-28,"15581 Wells Drive
Carterville, MH 77635"
527695,9369,6169,describe,Nicole Lyons,faith30@example.net,(711)972-7835x23585,9,203.36,2024-01-20,"1034 Martin Landing
Gonzaleztown, VT 61240"
491605,2910,2035,risk,Morgan Rocha,qbryant@example.org,+1-957-590-0142x155,2,613.24,2024-06-04,"2336 Malone Bridge Apt. 547
Whiteborough, ND 35936"
775704,3581,6098,defense,Christine Logan,maryjohnson@example.com,902-806-2227x0302,3,272.41,2024-06-02,"2129 Ramos Orchard
Stephensside, NH 72898"
501565,4688,7675,idea,Daniel Daugherty,anthonysanchez@example.net,001-966-230-9100,5,306.39,2024-02-25,"08325 Hogan Lodge Suite 495
Nataliehaven, IN 10679"
909001,8992,7866,together,Jessica Lane,xrios@example.net,363-266-2544,6,993.37,2023-11-29,"8528 Johnson Divide Apt. 087
Johntown, IN 42672"
996795,1926,1321,fine,Johnny Smith MD,charles70@example.com,602-832-6060x734,4,128.11,2023-10-29,"28973 Jimenez Street
New Stephaniefurt, TX 73108"
197842,6296,5192,thus,Megan Hill,carriecoleman@example.org,001-227-655-1111x320,6,862.19,2023-10-28,"Unit 0360 Box 7047
DPO AE 56664"
819268,3516,2745,rate,Megan Wood,sherry64@example.org,+1-226-433-4491,7,362.14,2024-02-19,"7113 Gonzales Views
Shawnview, MI 62581"
697004,3207,1223,station,Roberta Pacheco,jimmyyoung@example.net,(406)494-5804,4,882.93,2024-06-23,"420 Rebecca Square
Rogersmouth, PW 22503"
391202,8863,8749,conference,Daniel Hill,xcurry@example.net,001-571-552-6139x706,7,424.94,2024-05-24,"5932 Jessica Hill Suite 202
New Justinchester, GU 60597"
922707,6084,2392,always,Janet Stein,fosterlisa@example.net,932.890.8281x220,8,284.67,2024-03-25,"8715 Christine Greens Suite 259
Vaughanstad, OK 37287"
483636,6349,3002,case,Zachary Howard,gregory35@example.org,001-368-862-6706,3,307.41,2024-05-15,"9679 Gray Ville
Michaeltown, MP 26105"
289648,7679,8855,able,Laura Graves,bcooper@example.net,981.886.7109x58993,2,852.93,2023-10-05,"9796 Humphrey Mountains
Port Joanne, NC 56050"
540404,5437,7215,seven,Blake Mckay,nrojas@example.org,817.322.1983x905,4,983.04,2024-01-01,"PSC 6933, Box 1370
APO AP 31167"
648400,1708,2291,class,Christopher Rogers,matthewward@example.net,001-892-608-4085x35235,6,609.72,2024-07-15,"PSC 5980, Box 3637
APO AA 51366"
124987,8211,7930,successful,Sarah Blanchard,kennedylauren@example.org,001-721-408-5705x9613,8,783.44,2024-01-29,"PSC 2948, Box 3157
APO AE 38387"
407510,1406,8801,effort,Melanie Anderson,darrenjohnson@example.net,001-589-325-0370x394,8,908.64,2024-04-08,"USCGC Brown
FPO AP 87585"
631141,6224,8181,just,Brittany Perry,allencynthia@example.com,(886)544-3374,9,553.44,2024-07-16,"78048 Wallace Manor
Lake Dawn, PR 44098"
465832,3509,3442,education,Kathryn Hernandez,rachel43@example.com,660-412-2616x0162,2,225.69,2024-01-04,"15358 David Hills
Watsonton, IA 16779"
266954,1542,6535,several,Anthony Rodriguez,kaitlynwatkins@example.org,+1-521-521-4256x3907,8,200.71,2023-11-27,"99692 Joan View
Sarashire, PR 95315"
154180,2534,4682,case,Kenneth Williams,tfowler@example.org,001-443-996-0007,9,106.02,2024-02-16,"633 Richard Mall
North Colleenfort, ID 05143"
489230,8231,6512,until,Angela Williams,ismith@example.org,001-439-501-3880x2793,7,407.39,2023-12-17,"8320 Parker Keys Suite 656
South Savannah, IA 62115"
143278,9607,6512,use,John Gray,taylorloretta@example.com,+1-205-600-1580x35684,6,62.03,2023-09-19,"8611 Erin Overpass
Brianton, RI 35649"
849847,3318,2880,inside,Jeffrey Bryant,martincheryl@example.org,(754)519-4634,4,225.9,2024-03-15,"6104 Dunn Spring
East Crystal, MS 36450"
686939,9228,2710,catch,Robert Velazquez,terri33@example.com,001-821-329-7537x76521,10,723.17,2024-02-17,"906 Peterson Manor Apt. 698
East Oliviatown, ID 96962"
488263,5833,4732,director,Lacey Davila,burgessmackenzie@example.org,+1-866-983-7287,9,344.18,2024-04-02,"99490 Donna Locks
Millerside, WY 94403"
233506,7478,4227,wait,Sheila Knox,edwardcolon@example.com,593-737-1861x9587,5,324.32,2023-12-13,"59674 Cindy Mountains Apt. 486
South Matthewborough, VI 18272"
816498,2053,3652,than,Duane Newton,alexandrahudson@example.com,639-650-8602,6,438.27,2024-05-26,"934 Chase Isle Apt. 676
Rosechester, KS 37062"
410947,5424,1706,play,Erik Gutierrez,mariesmith@example.net,+1-577-661-2528x48870,7,38.84,2024-02-19,"USNS Davis
FPO AP 99058"
455723,4775,4238,because,Anna Turner,ymaxwell@example.org,+1-502-555-0007x76399,8,899.48,2023-12-02,"USCGC Jones
FPO AE 57130"
427865,2956,2253,throw,Bradley Owen,pwatson@example.com,277-708-4095,5,778.22,2024-08-09,"08397 Zachary Forest Apt. 891
Murphymouth, OR 56263"
649389,7768,6068,business,Samantha Brown,kristinamartinez@example.net,001-205-667-2082,5,374.72,2024-03-23,"8479 Brett Valleys Apt. 609
South Lisa, MI 66287"
938397,3155,2401,single,Michael Wong,fbryant@example.org,(883)360-5611x993,7,734.54,2023-11-12,"3114 Kimberly Drives
North Sherri, CA 01822"
827402,1848,9113,teach,Stephanie Mckinney,laura79@example.org,001-395-481-8549,5,367.72,2024-06-30,"995 Jackson Parks
Lake Thomasport, PR 52456"
660205,1153,8686,either,Krystal Sullivan,ulang@example.net,732-983-1300,10,197.44,2024-04-28,"0821 Livingston Junction
Alexisfort, VT 34411"
788980,6326,7446,hand,Samantha Pacheco,peggylloyd@example.com,(528)485-2924x27835,4,189.35,2024-03-13,"54459 Barrett Rest Apt. 297
South Ashleyfort, RI 47894"
234808,3853,5878,idea,Dennis Vega,bethany76@example.org,669-395-8675,7,215.59,2023-12-27,"9254 Taylor Brooks
Gonzalezland, MA 09755"
705205,4116,9632,third,Carl Church,milleralexa@example.org,366-352-5523,2,483.98,2024-05-28,"0961 Potter Throughway Apt. 844
Joanneville, NV 54871"
926457,4124,8473,indeed,Laura Fitzpatrick,websterjonathan@example.com,821.489.5810,5,503.55,2024-05-31,"61154 Brown Village
West Phillipport, NY 73531"
859794,7723,7247,maintain,Emily Steele,davissabrina@example.com,255.702.3861,1,49.43,2023-12-06,"9001 Jacob Plains
New Jonathan, AK 94823"
889550,5828,1154,record,Stacey Sloan,sanchezkevin@example.org,226.391.4011x77374,9,120.62,2023-09-13,"096 Rachel Courts Apt. 453
Mendezburgh, TN 45336"
843361,8356,9454,crime,Natasha Allison,eknight@example.com,+1-331-344-6875x3388,3,226.74,2023-12-28,"USNS Gill
FPO AP 06830"
141733,3377,4470,why,Gregory Johnson,gthomas@example.com,374.417.7272,2,188.88,2024-01-04,"478 Howell Prairie
East Samanthahaven, ID 73577"
582446,1460,6328,third,Terry Lane,derrick00@example.com,001-332-289-5376,8,384.45,2024-05-10,"388 Benjamin Key Apt. 340
Edgarborough, LA 12276"
526288,4709,3211,area,Linda Parsons,sarah11@example.net,+1-558-801-0144x6888,7,619.3,2024-06-17,"96648 Wolfe Isle Apt. 396
Owensborough, MI 73627"
100748,2326,8723,bad,Devin Harrell MD,ashley10@example.net,(769)497-7597,7,863.45,2023-09-14,"PSC 9165, Box 9526
APO AA 58085"
399365,9237,4260,might,Kimberly Burch,longholly@example.org,(901)535-9881x036,2,31.03,2023-10-01,"950 Chelsea Wells
Christopherburgh, NC 14067"
553918,6784,1695,do,Rebecca Chavez,jbeltran@example.net,741-351-9403x96279,3,56.2,2024-05-28,"06321 Rogers Knolls
East Amanda, GU 55453"
444652,2505,8703,health,Robert Hawkins,kristinguzman@example.org,001-330-969-4541x226,1,584.23,2024-07-19,"791 Hughes Points
Lake Jamie, IL 81081"
922103,2016,9856,share,Patrick Dennis,travisriley@example.com,+1-311-508-0553,4,913.91,2023-10-25,"481 Yolanda Forges Suite 701
Caldwellville, NJ 99875"
389927,9722,7744,foot,Rhonda Wright,michaelaguilar@example.org,001-317-239-8967,5,220.16,2024-06-19,"875 Patrick Circles
Port Ericaport, VA 05194"
923553,5946,1332,likely,Jordan Cooper,owalker@example.org,001-692-607-2760,4,346.7,2023-12-14,"9499 Garcia Extension Suite 669
Taylorfurt, VT 77472"
152324,7459,3733,we,Molly Newton,jcontreras@example.org,492-488-9518,7,375.55,2024-03-09,"027 Michael Walk Suite 933
Craigburgh, CO 26523"
613717,3669,2354,once,Melissa Daniels,eric60@example.com,2014838934,9,294.29,2024-02-24,"52561 Andrew Drives
Ericport, MS 89701"
699067,3204,4405,here,Kimberly Smith,christinarose@example.com,(324)217-7954x13101,1,338.94,2023-12-01,"305 Nelson Hill
Bellport, NE 93968"
851620,7733,7789,event,Mitchell Lee,scott12@example.org,001-625-950-7701,2,287.15,2024-06-25,"201 Glover Port Suite 237
Lake Shannonside, WI 44823"
528320,5318,3067,amount,Sandra Reeves,adamsryan@example.org,443.394.1268x967,5,653.43,2024-06-02,"74291 Cox Neck
Lake Allison, AL 52508"
763588,1724,2871,know,Crystal Johnson,ygrant@example.com,001-810-348-3108x967,4,500.5,2023-11-09,"99068 Huang Course
Gabrielville, FL 09264"
824894,7581,2068,dark,Austin Jones,ipearson@example.com,(257)278-5234,3,928.52,2023-09-06,"698 Christine Mount Apt. 192
Millerburgh, NE 21466"
673253,2715,5355,car,Angelica Brown,susan82@example.com,+1-249-597-3043x96082,7,562.94,2023-09-01,"30115 Joe Corner Apt. 482
East Christineton, AZ 92501"
712120,3808,4573,approach,Heidi Sanchez,mooreanthony@example.net,(739)233-1745x563,7,723.39,2024-03-22,"3453 James Path
Lake Ryanshire, NC 06198"
987704,2945,2523,door,Lauren Logan,kcoleman@example.net,614.640.3147x1822,8,633.31,2023-10-10,"553 Wiggins Walk Apt. 931
Woodsview, MT 83021"
335612,7645,9679,deal,Sheila Serrano,shelbypitts@example.com,257-331-8119,4,672.63,2024-07-14,"3790 Jeremy Points Apt. 542
West Barbarastad, NH 10022"
747867,7157,7544,street,Amy Price,lbaker@example.com,678-356-7111x326,10,183.44,2024-01-15,"Unit 5385 Box 8816
DPO AA 38184"
194139,1585,1708,claim,John Miller,rwong@example.org,304.743.9445x612,1,309.79,2023-09-04,"PSC 6365, Box 6805
APO AE 62866"
644720,7675,4716,field,Madison Bradley,brooke80@example.net,001-219-711-9815x5994,7,933.14,2024-03-10,"62573 Robert Turnpike
West Brianshire, NE 08421"
157143,8043,3367,debate,Robert Clark,stacyrogers@example.net,727.641.5099x9097,1,504.23,2024-05-31,"0286 Jennifer Springs
West Deannaport, NY 97646"
732763,8607,6817,where,Jared Mcgee,fbradley@example.org,4528040135,10,178.79,2024-07-08,"80826 Perez Fords Suite 026
Sosaland, WA 50504"
512273,6451,3484,company,William Tucker,sarahking@example.org,254-773-7344,4,116.59,2024-06-23,"228 Rebecca Motorway
Romeroside, KY 29968"
903002,8349,7714,top,Margaret Wu,ythomas@example.net,001-521-214-7869x7354,4,520.47,2023-12-26,"734 Buckley Expressway Apt. 277
Mezaberg, WA 31257"
128456,7514,3571,number,Tara French,ellismargaret@example.net,611.926.1441,6,686.7,2024-07-08,"87091 Fox Canyon
New Reginaldstad, NE 25149"
495973,8022,4834,lay,Kenneth Krueger,amanda44@example.com,661.716.8349x80826,7,415.68,2024-02-09,"734 Bates Causeway Suite 205
Kimberlyton, ND 32544"
976443,3465,9136,company,Brian Castro,xrosario@example.com,(261)683-1692x1927,3,819.82,2024-05-31,"391 Dylan Manors
West Matthewville, MT 98187"
630848,1980,6275,too,Robin Brooks,cobbbrian@example.org,(793)561-4420,3,472.93,2024-01-26,"80057 Derek Island
Richardhaven, NJ 23617"
729298,1084,4915,major,Jeffery Lee,bartonryan@example.net,(909)731-9507,2,707.1,2024-05-26,"847 Cuevas Roads
North Courtneymouth, WY 90988"
156361,2330,3551,side,Brooke Horn,ewalton@example.org,224.713.1415x9804,6,172.62,2023-11-04,"716 Jeremiah Viaduct Suite 343
North Brooke, NC 47956"
182984,8937,9465,condition,Heather Lindsey,raymondortiz@example.org,740.245.4797x264,4,940.68,2023-10-02,"50818 Wayne Burg
Coleville, MN 73405"
593995,4619,2548,will,Brian Davis,dianethompson@example.net,527.386.7687x402,8,254.82,2023-11-14,"73272 Brown Branch
Blankenshipchester, SD 69329"
259835,3897,7065,policy,Joshua Serrano,natalie90@example.net,(761)629-6665x62573,1,890.13,2024-06-11,"07145 Sherri Hills Apt. 195
Lake Samuelberg, WA 30748"
201623,8679,4050,behavior,Kimberly Best,brendajohnson@example.com,5089229517,4,105.47,2023-08-31,"28003 Robert Spurs
Melissaview, AL 89126"
890876,6211,6081,star,Jon Wilson,bphillips@example.org,983-882-5533x5220,8,699.34,2023-11-04,"211 Lee Estate
Port Stephanieview, GA 75807"
868191,5269,4338,relationship,Amanda Hamilton,john72@example.net,616-294-4511x40568,3,636.69,2024-04-09,"99156 Ho Underpass Suite 353
Adrianland, MH 73107"
611319,5789,9654,yeah,Samantha Henderson,shawnferguson@example.com,+1-542-311-7420x265,1,895.6,2023-11-05,"636 Sullivan Common
East Mariaburgh, KS 85785"
983073,1777,8467,share,Andre Arnold,vbradley@example.com,4239146948,5,633.07,2024-07-25,"36260 Kimberly Estates
Williamfort, NH 15429"
964661,1743,1480,story,Derek Kirk,mbell@example.com,(357)625-7380,9,139.28,2023-12-14,"0535 Heidi Radial
West Sierraland, ID 15659"
745761,4289,2428,modern,Lisa Young,jacobholmes@example.org,001-513-550-9012x95930,6,865.51,2024-02-24,"USNV Thompson
FPO AE 61737"
705633,8185,4326,community,Zachary Houston,matthewmartin@example.org,+1-906-956-2743x3610,5,626.69,2023-11-17,"948 Meghan Shoals
Goodtown, MO 56708"
766397,6598,7333,person,Jennifer White,reyestyler@example.net,(878)604-0743,1,648.05,2023-08-24,"4217 Palmer Court
West Karen, OH 84152"
601251,3465,4034,ready,Edward Mendoza,davidcole@example.com,(866)377-4511,7,897.68,2024-03-01,"8962 Swanson Key
Christinatown, PR 39701"
558932,5814,1801,various,Brittany Ponce,omartinez@example.com,001-813-892-3588x08656,9,394.81,2024-04-22,"32416 Cheryl Hills Apt. 762
West Tim, SD 46057"
954566,8550,7921,make,Richard Chang,madeline69@example.org,001-757-619-1108x186,9,327.01,2024-04-14,"7274 Larry Burg
Ericatown, NH 24309"
583850,7066,3254,mouth,Kristi Klein,nicolemorris@example.com,(966)544-3828,2,851.52,2024-01-31,"026 Nicole Falls
North Dawnview, NY 15006"
554950,6323,6672,born,Melanie Shields,callahanyvonne@example.net,(666)958-4552x708,10,474.86,2023-11-30,"77646 Kelly Brook Apt. 778
Lake Kelseymouth, AZ 49227"
938054,6433,9756,indicate,Amy Mcmillan,pjackson@example.com,844-798-5535x2031,8,516.37,2024-05-15,"70613 Bryan Corners Apt. 083
Johnsonport, OH 70763"
209600,6322,7771,per,Joshua Russell,brandonrodriguez@example.com,(974)297-7363,4,209.84,2023-09-04,"0478 Mitchell Locks
Bowersville, MP 90703"
489425,3505,2898,argue,Allen Smith,fitzpatrickroy@example.net,001-593-374-5681,9,78.04,2024-04-10,"70684 Young Landing
Eileenfurt, AK 97609"
111758,4055,9503,song,Heather Mcfarland,joanmorris@example.org,+1-960-829-1674,5,305.83,2023-10-30,"89656 Kathryn Drive
Bradfordport, WI 26173"
889752,7965,2393,seat,Joseph Wilson,sophia83@example.com,547-532-7585x2902,6,954.54,2024-07-09,"USNS Nelson
FPO AA 95898"
778360,6435,5407,might,Zoe Lewis,manningpatricia@example.net,001-669-851-6419x771,7,42.36,2024-04-21,"PSC 7394, Box 4304
APO AE 47803"
169209,4207,5426,Democrat,Benjamin Santos,whitejonathan@example.net,486.621.1736x961,10,875.76,2023-09-30,"669 Crystal Mountain
Thomasside, ND 08137"
978858,4436,3884,tend,Steven Wong,dianacollins@example.com,905.809.0457x726,9,277.59,2023-10-13,"5429 Aaron Stream Suite 674
New Morganhaven, WV 17866"
376923,2321,9590,window,Evan Snyder,danielbailey@example.net,6636634291,7,138.02,2024-02-05,"0951 Kimberly Hills Suite 216
New Daniel, WA 19523"
905864,5085,9097,subject,Monique Huff,hallmatthew@example.net,575.746.1628x4164,2,567.05,2024-03-30,"0354 Kristin Village
Lake Jessicafurt, PW 93809"
455645,7836,7420,place,Michael Cox,irussell@example.com,4408729297,8,642.71,2023-08-26,"307 Sheryl Mills
Clarkeland, TN 34889"
918551,3903,4920,firm,Ronald Jackson,johnwilliamson@example.com,(259)610-4935x3900,5,18.98,2023-08-23,"42783 John Shores Apt. 821
West Michele, SC 35468"
738928,7059,4351,physical,Chris Chase,julia87@example.com,957.588.8813,7,40.11,2023-11-25,"621 Bailey Mews
North Tracy, GA 83836"
135689,3243,5926,carry,Luis Moore,sandygordon@example.net,(700)637-0666x56164,6,509.39,2023-11-06,"USCGC Elliott
FPO AE 39105"
301948,3381,4993,already,Lori Brown,fullerkathryn@example.com,776.865.1177x589,5,935.27,2023-10-07,"635 Sheila Valleys Suite 780
Lake Courtney, MP 26670"
416870,3014,7454,recognize,Chase Miles,richsandra@example.com,332.819.4005x2406,4,347.59,2024-06-24,"849 Brittney Summit
Port Richardberg, PW 53950"
704918,7647,1073,write,Richard Brown,frankjohn@example.net,2134419704,1,65.07,2024-03-09,"906 Holt Parkways
Ericmouth, MI 95325"
878019,2345,9877,remember,Ricky Miller,lreynolds@example.org,+1-951-830-7834x61265,3,648.48,2024-02-08,"84258 Hill Skyway
Rileyside, FM 41737"
480101,5012,6431,Democrat,Dr. Brian Byrd IV,knightheather@example.net,+1-611-912-4696x3728,6,844.9,2023-10-21,"20696 Wagner Rapid Suite 179
Michaelfort, PA 16233"
876502,8377,4738,he,Monica Hutchinson,sheilahopkins@example.com,(845)250-9955x7620,8,467.66,2023-11-21,"USNV Espinoza
FPO AE 83238"
821263,7579,1063,game,Nicholas Rogers,robert23@example.com,213.590.8288x08504,6,145.58,2023-09-28,"40122 Spencer Via Suite 752
South Chelseyhaven, NC 81771"
702059,9047,3499,will,Lisa Grimes,david67@example.net,765-399-9618x739,6,137.59,2024-03-27,"516 Cobb Loaf Suite 447
Marilynchester, SC 77913"
177115,3799,7756,main,Brian Mason,whiteandrew@example.net,001-240-723-4908x209,1,606.55,2024-04-08,"458 Katelyn Ports Apt. 320
North Annahaven, IA 96335"
340589,9381,5365,yard,Sandra Case,santanakyle@example.com,+1-856-782-7813,2,544.24,2023-09-26,"303 Matthew Point Apt. 986
North Jill, GU 95925"
419493,9946,3305,against,Michelle Meyer,katherinecunningham@example.org,428.661.8058x5447,5,209.85,2024-06-14,"471 Katrina Heights
West Jamie, AL 22190"
352986,8587,3713,hope,Sharon Benson,stevelivingston@example.net,(527)609-1158x7288,2,718.48,2024-06-28,"84036 Washington Drive
Port William, FL 86035"
142138,4608,4010,for,Ryan Jones,zacharycraig@example.org,627.432.9510x412,9,834.86,2024-05-21,"1060 Heather Trail
New Michael, CA 46388"
678634,7340,1853,way,Jeffrey Gross,luis73@example.net,694-968-5832x9680,7,969.62,2024-07-04,"7907 Jimenez Summit Apt. 216
Powellbury, MN 75077"
345879,2757,2929,record,Jody Gonzalez,cynthiameyer@example.com,(338)401-8290,2,245.78,2024-01-01,"USCGC Williams
FPO AA 23272"
660267,9126,5379,office,David Blackwell,duncanmichael@example.com,001-988-773-2978,5,597.91,2024-06-09,"30188 Lewis Light
Petersshire, CT 26263"
403854,6350,6374,simple,Karen Young,cummingscory@example.com,+1-884-789-6779x6542,7,549.66,2024-05-30,"Unit 1104 Box 5906
DPO AA 52309"
608592,3333,8434,clearly,Danielle Perry,jeffreysmith@example.com,479.643.5541x53078,8,525.94,2023-12-04,"695 Peterson Street
Huntershire, AZ 48907"
788201,4309,1609,rich,Charles Black,fletcherjennifer@example.com,8834054056,1,741.7,2024-07-15,"7101 Sarah Islands
Jenniferbury, AZ 85451"
503827,8589,9193,safe,Sandra Moon,thompsonjessica@example.net,602-839-6927x6446,7,319.79,2024-02-25,"4609 Christina Forge
West Justin, SD 62318"
531548,4450,5227,stay,Mary Garrison,paul88@example.com,937-445-4836x1491,9,898.46,2023-12-16,"036 Jason Island Apt. 488
South Joshua, MS 80804"
133691,5641,5933,live,Jordan Shelton,beckermatthew@example.net,(427)333-6650x1135,6,400.46,2024-04-18,"PSC 8222, Box 9719
APO AA 65208"
403176,8743,6887,though,William Nelson,awalker@example.com,001-920-488-5624x19906,8,151.31,2024-07-08,"898 Ricky Park
Castillofort, OH 20015"
431350,7999,8204,response,Christy Bradley,catherine97@example.com,443-512-3469,10,308.27,2023-09-06,"0763 Rosales Fall Suite 825
Freemanburgh, NE 79122"
165400,6868,7198,throw,Scott Marshall DDS,jessica31@example.org,(746)413-8116x45103,9,442.77,2023-10-23,"1222 Shannon Harbor Suite 619
Johnsonchester, TN 73540"
455293,4131,8254,bag,Christine Smith,loweryelizabeth@example.net,974.492.5985,7,939.36,2024-03-08,"889 Palmer Estates
East Tammy, OH 16186"
838797,9673,8565,continue,Rebecca Rodriguez,bstokes@example.com,5054122094,3,603.61,2024-02-08,"284 Todd Stream Apt. 031
Tylerbury, ND 81835"
749051,4392,2533,treatment,Gina Duke,kendrawebb@example.org,+1-346-990-2616x7507,5,886.2,2024-08-11,"5522 John Shore Apt. 741
South Carmen, IN 99114"
724417,5843,2184,necessary,Mark Livingston,casejames@example.org,724.552.0532x358,4,132.89,2023-10-01,"133 Kimberly Trafficway
Lake Leslieland, NM 43194"
355151,7557,9769,clear,Jeffrey Velasquez,heather86@example.org,001-588-637-5043x93116,7,621.02,2024-01-20,"721 Erin Ford Apt. 594
Christineton, KY 26152"
160506,6287,3052,experience,Evelyn Wilcox,qgutierrez@example.com,933-544-7104,10,28.87,2024-01-18,"427 Jones Terrace
South Robertmouth, IN 84473"
597854,2454,3556,kitchen,Bradley Robinson,hnichols@example.com,(308)923-9212,3,441.84,2024-02-25,"472 Carter Islands
Stephanietown, VT 91909"
496092,9750,5975,whether,Hector Martinez,hughesjonathan@example.net,956.234.7104x3311,8,820.19,2024-05-09,"536 Michael Terrace Suite 752
New Brett, GA 97687"
294961,3469,4843,word,Donald Castillo,browndarrell@example.com,289-417-5283x55447,4,176.69,2024-06-03,"1426 Paul Groves Apt. 739
Kaitlinside, WI 58376"
197799,9983,4040,nothing,Christine Fisher,fisherashley@example.net,8263383222,1,657.54,2024-06-04,"23675 Tabitha Island Apt. 976
Marciaville, MP 33031"
110587,1598,5882,event,Chase Kelly,jlopez@example.net,001-633-968-0721x41784,7,124.21,2024-06-07,"4899 Ruth Mount Apt. 792
Lake Jorgeport, MI 53020"
913358,8871,8536,against,William Ortiz,vgreer@example.net,395.547.5677x3169,1,951.71,2023-10-18,"23505 Steven Villages
Rachelside, TN 45174"
761654,3436,2277,community,Derek Frederick,gzuniga@example.com,542-400-3394x4933,8,408.29,2024-01-29,"7421 Santiago Burg Apt. 298
North Lisa, CO 84631"
283279,9735,8605,civil,Karen Carr,simsthomas@example.com,737.516.6785,7,262.1,2024-02-25,"605 Kyle Mill
West Vanessaburgh, LA 75696"
267924,6679,3567,century,Andrew Rose,karigregory@example.org,001-205-715-5671x785,5,176.68,2023-10-09,"USS Bradley
FPO AP 86200"
158138,9159,2444,available,Mr. Daniel Huffman,paula61@example.org,518.593.1541,10,327.6,2024-06-03,"53829 Ross Brooks Apt. 272
Dwayneport, NJ 26082"
330183,7812,4634,deal,Brian Nelson,xnelson@example.net,9899998978,10,264.36,2024-06-15,"3505 Michael Land
Samanthatown, MN 96649"
496155,3148,7104,current,Amanda Pennington,gonzalezkellie@example.com,249.385.2102x6023,7,456.98,2023-12-17,"880 Joseph Villages
East Jeremyview, NC 23529"
635151,1605,7262,land,Casey Torres,mgraham@example.org,(967)333-4210x471,3,663.7,2024-06-03,"81052 Susan Canyon
Jenniferborough, SD 96840"
603190,6901,3586,which,Christian Hughes,adrianaduke@example.net,+1-285-479-6913,6,241.15,2024-03-18,"44659 Ana Drive
Lake Rhonda, WI 94551"
150146,8303,3647,friend,Matthew Marshall,burtonbruce@example.org,559.414.0544,9,869.72,2023-09-24,"0043 Gonzalez Islands
West Michelleborough, MT 64847"
487488,7010,9006,first,Cathy Swanson,tatecarmen@example.net,001-358-515-8378,4,314.62,2024-08-05,"80575 Greer River
Garybury, OK 47152"
673774,2626,8320,decision,Kathy Singh,shirley52@example.com,(497)493-1311,7,915.02,2024-02-02,"2866 Webb Dale
South Michaelshire, MI 31076"
583352,7865,4643,start,Erin Bridges,stephanienguyen@example.net,243.264.4769x3307,5,747.27,2023-09-19,"9593 Cardenas Mews
New Matthew, CA 90233"
872181,9241,5557,firm,Jennifer Smith,simpsonchristine@example.org,356-738-0817x97445,9,312.5,2023-11-30,"Unit 6248 Box 0433
DPO AA 28179"
490308,7214,4735,hotel,Deanna White,ssimpson@example.org,+1-851-240-2175,8,281.44,2024-04-12,"25148 Francis Mount
Barkerland, DE 40775"
696414,2462,3106,special,Trevor Moss,olong@example.com,409.247.0002,2,427.83,2023-11-17,"774 Mendoza Streets
South Ashleyshire, VI 89603"
894685,8546,1123,way,Kevin Gonzalez,margaret83@example.net,768-745-7979x322,6,154.14,2023-11-12,"8544 Richard Mountains
West Tonya, MD 61631"
893453,8301,1651,collection,Travis Contreras,garciakelly@example.org,787-221-4319x50132,1,352.88,2023-12-29,"44337 William View
Kristopherland, NY 63269"
382110,4317,3461,end,Mrs. Maria Austin,lgutierrez@example.net,206-317-9474x75812,6,374.97,2024-05-04,"9381 Shawn Center
West Caitlintown, WI 61863"
943796,9493,5608,news,Jared Petersen,austinmurphy@example.net,+1-263-612-2226x053,7,990.42,2024-05-30,"084 Blackwell Lodge
Valenzuelaville, IN 16921"
977332,1476,6476,small,Amy Padilla,cobbjames@example.org,(795)234-7312x93590,8,752.64,2024-07-23,"682 Brandon Point
Garnerbury, MN 55609"
943550,9768,4771,green,Stephanie Alvarado,zpeck@example.com,(768)523-5117x4147,5,668.9,2024-07-22,"606 Jodi Fort
North Michael, MO 28689"
182129,5031,7470,big,Janice Nelson,phillip36@example.org,(646)558-5889x363,3,562.35,2023-11-18,"60281 Tammy Hill Suite 002
Whitemouth, IL 91862"
721273,7746,2627,number,Kathy Martinez,david22@example.com,746-775-9823x36886,9,130.78,2023-10-26,"8357 Sanchez Squares Suite 710
New Brooke, MS 75333"
610211,2739,1971,player,Mark Holt,amberbeasley@example.net,824-814-1440,3,802.92,2024-06-11,"925 Lawson Circle Suite 012
Baileyhaven, MA 61089"
441547,4433,2460,present,Kimberly Chen,wendymurphy@example.com,+1-884-568-9343x173,10,120.48,2024-01-18,"833 Cantrell Causeway Suite 326
Jonathanborough, CA 64707"
590866,3149,9712,season,Jacqueline Hernandez,davidbarrera@example.com,687.385.2954x3478,8,991.68,2023-08-27,"488 Thomas Shoals Suite 110
Heatherview, KS 26018"
277896,2824,4581,president,Kenneth Carey,james94@example.org,(625)412-1247x5530,8,441.96,2024-03-12,"16394 Robert Harbor
Landryshire, FM 95534"
534233,9275,3538,outside,Stephanie Owens,hartjennifer@example.net,(201)276-7831x907,5,160.69,2024-02-10,"910 Torres Divide
Martinezfurt, WY 14891"
786733,7300,5052,affect,Frederick Simmons,lori11@example.net,+1-985-834-5368x798,2,825.13,2024-02-26,"291 Jessica Springs Suite 999
Floydmouth, SD 80303"
432342,1758,3588,commercial,Judy Harris,collinsaustin@example.net,001-698-425-6959x6064,7,577.32,2024-06-08,"1418 Connie Fork
Erictown, VT 78759"
682585,6959,1596,big,Mr. Daniel Thomas,xwilliams@example.com,001-223-686-7815,7,99.18,2023-10-06,"65549 Kellie Forest
Port Cindy, MO 61639"
819799,4394,9102,gun,Rhonda Rivas,jjackson@example.org,641-416-3918x479,2,97.84,2024-02-12,"6395 Hill Glen
West Deborahchester, CT 42823"
661505,7054,5713,itself,Karen Morrow,qbarron@example.com,(964)511-0514,6,443.55,2024-07-30,"4303 Johnston Wells
Scottberg, NY 39117"
118382,4725,7090,this,Nicole Meyer,agates@example.net,937-915-0270x348,2,886.68,2024-05-14,"6230 Beltran Gardens Suite 479
East Danielville, NC 15015"
706727,5258,9457,how,Russell Torres,frances38@example.com,715.884.7015x4456,6,502.32,2023-12-15,"481 Donald Square
West Lisaton, IN 05534"
690046,7939,7171,respond,Stephanie Ward,kwoods@example.com,(451)238-1425,9,528.0,2024-07-23,"77190 Lisa Ways
Cameronhaven, OR 69899"
887798,1522,8490,travel,John Willis,colleen38@example.com,+1-986-279-1048x66674,6,680.37,2024-07-29,"41313 Dunn Meadow Suite 522
Hannahfort, NV 86633"
733415,8702,6550,bank,Linda Phillips,sandralee@example.com,001-465-210-7314,10,257.6,2024-02-01,"917 Jones Mountains Apt. 534
Morganbury, IN 63396"
845148,6822,6717,region,Mark Cook,amy11@example.net,895-557-6621,10,246.46,2023-10-18,"635 Leblanc Green Apt. 813
Mckinneyland, AZ 22877"
676421,9292,7135,lot,David Sanchez,pamela12@example.net,+1-774-811-0026x082,2,472.93,2024-02-17,"960 Chavez Springs
Louishaven, MO 99531"
670059,3885,4731,enjoy,Mr. Dustin Pratt,lcohen@example.org,257-305-6339x7189,10,541.75,2024-01-25,"55010 Barrett Fort Apt. 604
Port Shane, NE 66684"
744107,4086,9891,send,Kim Reyes DDS,mason39@example.org,352-870-8663,7,441.46,2024-02-23,"423 Brooke Parkway Suite 277
Lake Colebury, DE 39271"
525849,3819,9876,soon,James Maddox,mendezdana@example.org,2387561168,1,649.85,2024-01-16,"459 Rebecca Walks Suite 074
North Brittanystad, CO 57059"
586386,5012,5201,minute,Elizabeth Cordova,tiffanyreed@example.org,634-271-4890,3,376.31,2024-04-12,"55648 Mclaughlin Loaf Apt. 186
New Brandonhaven, OK 75044"
841878,6046,9693,next,Jennifer Wiley,shelby15@example.org,592.576.0437x78334,10,703.89,2024-06-05,"08560 Long Creek
Lake Brenda, MS 11244"
906445,7619,3549,Mr,Barbara Mccoy,mannchristopher@example.com,+1-681-215-2350x2666,1,67.84,2024-07-10,"88930 Tina Trail Apt. 565
South April, MD 16161"
345136,9000,6822,decade,Susan Hardy,youngcaitlin@example.net,(309)235-6108x39011,5,877.0,2024-06-23,"Unit 8295 Box 6550
DPO AP 07377"
521759,8710,3637,author,Cody Robinson,sharon21@example.net,001-329-780-1363,5,592.18,2024-05-13,"99354 Morgan Keys
West Christopher, FM 89687"
990599,1667,7815,remain,Xavier Johnson,jameshill@example.org,923.586.5988,9,130.39,2024-05-08,"2878 Philip Crest Apt. 015
New Jessefort, NC 81211"
174240,7088,9171,wear,Stacie Gilmore,thomashart@example.org,244-798-2323x0498,5,604.93,2024-01-27,"7090 Brewer Center Suite 389
Port Margaretberg, MD 06651"
243939,7703,5847,news,Kevin Adams,maxwellscott@example.com,001-416-763-3154x2614,6,407.48,2023-10-18,"6035 Norman Isle
Davischester, FL 11383"
834365,2386,8202,stop,Thomas Foster,ericcook@example.net,293.539.9844x9984,7,964.63,2024-08-10,"8125 Combs Green
South Deborahchester, SC 79296"
342013,1543,1956,be,Jasmin Kim,nwilliams@example.net,386-234-3359x578,7,539.2,2023-11-02,"9385 Julie Gateway
West Kristinville, LA 06839"
133609,2457,7064,mention,Kathleen Burch,alexander75@example.net,609-360-6976x029,9,473.19,2024-03-15,"USNS Mitchell
FPO AA 06013"
983689,2476,7243,occur,Marcus Watkins,james08@example.net,533-398-2949x6741,6,393.27,2023-09-26,"86462 Cummings Avenue Suite 723
West Joseph, CA 97667"
844999,9784,1216,necessary,William Franklin,sophia98@example.net,+1-926-427-9778x3220,8,272.71,2024-01-25,"526 Tiffany Corners Apt. 771
New Bradley, AS 91880"
942566,2865,9196,while,Melissa Mcbride,thomassteven@example.com,4604539451,9,70.51,2024-05-04,"498 James Overpass Apt. 806
Rodrigueztown, ND 32638"
698793,4720,1913,point,Sierra Stephenson MD,fsalazar@example.org,2333103742,8,877.93,2024-04-15,"402 Hannah Plains
Lake Daniel, MS 14975"
584663,3862,3879,break,Robert Robinson,ljones@example.com,+1-727-737-2638x7390,4,510.97,2023-10-11,"Unit 1226 Box 4550
DPO AP 37004"
